,,,,,,
Location,General District Court,Position,juvenile domestic court (JDR),Position, Circuit Court  https://www.vacourts.gov/courts/circuit.html,Position
Accomack ,Hon. Gordon S. Vincent,"Presiding Judge, Chief Judge",Hon. Cela J. Burge,Chief Judge,Hon. Leslie L. Lilley,Chief Judge
,,,,,Hon. Kevin M. Duffan,
,,,,,Hon. Steven C. Frucci,
,,,,,Hon. William Revell Lewis III,
,,,,,Hon. James Clayton Lewis,
,,,,,Hon. Stephen C. Mahan,
,,,,,Hon. Anne Bonwill Shockley,
Abemarle,Hon. Matthew J. Quatrara,Presiding Judge,Hon. Deborah S. Tinsley,Chief Judge,Hon. Cheryl V. Higgins,Presiding Judge
,Hon. Claiborne H. Stokes Jr.,Chief Judge,Hon. David M Barredo,,Hon. Timothy K. Sanner,Chief Judge
,Hon. Theresa W. Carter,,Hon. Gilbert H. Berger,,Hon. Dale B. Durrer,
,Hon. Kenneth Andrew Sneathern,,Hon. Barbara G. Lowe,,Hon. David B. Franzen,
,,,Hon. Ronald L. Morris,,Hon. Richard E. Moore,
,,,Hon. Frank W. Somerville,,Hon. Claude V. Worrell Jr.,
Alexandria ,Hon. Donald M. Haddock Jr.,Chief Judge,Hon. Constance H. Frogale,"Presiding Judge, Chief Judge",Hon. Lisa Bondareff Kemler,"Presiding Judge, Chief Judge"
,Hon. Sonya L. Sacks,,Hon. Thomas Kevin Cullen,"Presiding Judge, Chief Judge","Hon. James C. Clark, Presiding Judge",
,,,,,Hon. Kathleen M. Uston,
Alleghany ,Hon. Robin J. Mayer,Presiding Judge,Hon. Correy R. Smith,Chief Judge,Hon. Edward K. Stein,Presiding Judge
,Hon. William Harrison Cleaveland,Chief Judge,Hon. Robert C. Hagan Jr.,,Hon. William Chapman Goodwin,Chief Judge
,Hon. Christopher M. Billias,,Hon. Linda Schorsch Jones,,Hon. Joel R. Branscom,
,Hon. Rupen R. Shah,,Hon. Susan B. Read,,Hon. Paul A. Dryer,
,,,Hon. Paul A. Tucker,,Hon. Anne M. Reed,
,,,,,Hon. Christopher B. Russell,
Amelia,Hon. Thomas Stark IV,Presiding Judge,Hon. Theresa J. Royall,Presiding Judge,Hon. Paul W. Cella,Chief Judge
,Hon. Ray P. Lupold III,Chief Judge,Hon. Phillip T. DiStanislao,Chief Judge,Hon. Dennis M. Martin,
,Hon. Kenneth A. Blalock,,Hon. Cheryl J. Wilson,,Hon. Joseph M. Teefey Jr.,
Amherst ,Hon. Sam Daniel Eggleston,Chief Judge,Hon. Jeffrey P. Bennett,Presiding Judge,Hon. Michael T. Garrett,Chief Judge
,Hon. Randy C. Krantz,,Hon. Brooke Taylor Willse Gaddy,Chief Judge,Hon. John T. Cook,
,Hon. Stephanie S. Maddox,,Hon. Robert Louis Harrison Jr.,,Hon. Michael R. Doucette,
,,,Hon. Stephanie Mutter-Ayers,,Hon. James W. Updike Jr.,
,,,Hon. H. Cary Payne,,Hon. James F. Watson,
,,,Hon. Jennifer E. Stille,,Hon. Frank Patrick Yeatts,
Appomattox ,Hon. Calvin S. Spencer Jr.,Chief Judge,Hon. Marvin H. Dunkum Jr.,"Presiding Judge, Chief Judge",Hon. Stephen Anderson Nelson,Presiding Judge
,Hon. Jody H. Fariss,,Hon. Nora J. Miller,,"Hon. Kimberley S. White, Chief Judge",
,Hon. Darrel W. Puckett,,Hon. Robert H. Morrison,,Hon. Donald Carl Blessing,
,,,,,Hon. James William Watson Jr.,
Arlington,Hon. Jason S. Rucker,Chief Judge,Hon. Robin L. Robb,"Presiding Judge, Chief Judge",Hon. William T. Newman Jr.,"Presiding Judge, Chief Judge"
,Hon. Daniel Tomas Lopez,,Hon. George D. Varoutsos,Presiding Judge,Hon. Louise M. DiMatteo,Presiding Judge
,Hon. Romaine Frances O'Brien,,,,Hon. Daniel S. Fiore II,Presiding Judge
,,,,,Hon. Judith L. Wheat,Presiding Judge
Augusta ,Hon. William Harrison Cleaveland,Chief Judge,Hon. Correy R. Smith,Chief Judge,Hon. William Chapman Goodwin,"Presiding Judge, Chief Judge"
,Hon. Christopher M. Billias,,Hon. Robert C. Hagan Jr.,,Hon. Joel R. Branscom,
,Hon. Robin J. Mayer,,Hon. Linda Schorsch Jones,,Hon. Paul A. Dryer,
,Hon. Rupen R. Shah,,Hon. Susan B. Read,,Hon. Anne M. Reed,
,,,Hon. Paul A. Tucker,,Hon. Christopher B. Russell,
,,,,,Hon. Edward K. Stein,
Bath ,Hon. William Harrison Cleaveland,Chief Judge,Hon. Correy R. Smith,Chief Judge,Hon. Edward K. Stein,Presiding Judge
,Hon. Christopher M. Billias,,Hon. Robert C. Hagan Jr.,,Hon. William Chapman Goodwin,Chief Judge
,Hon. Robin J. Mayer,,Hon. Linda Schorsch Jones,,Hon. Joel R. Branscom,
,Hon. Rupen R. Shah,,Hon. Susan B. Read,,Hon. Paul A. Dryer,
,,,Hon. Paul A. Tucker,,Hon. Anne M. Reed,
,,,,,Hon. Christopher B. Russell,
Bedford ,Hon. Randy C. Krantz,Presiding Judge,Hon. Robert Louis Harrison Jr.,Presiding Judge,Hon. James W. Updike Jr.,Presiding Judge
,Hon. Stephanie S. Maddox,Presiding Judge,Hon. Brooke Taylor Willse Gaddy,Chief Judge,Hon. Michael T. Garrett,Chief Judge
,Hon. Sam Daniel Eggleston,Chief Judge,Hon. Jeffrey P. Bennett,,Hon. John T. Cook,
,,,Hon. Stephanie Mutter-Ayers,,Hon. Michael R. Doucette,
,,,Hon. H. Cary Payne,,Hon. James F. Watson,
,,,Hon. Jennifer E. Stille,,Hon. Frank Patrick Yeatts,
Bland ,Hon. Gino W. Williams,"Presiding Judge, Chief Judge",Hon. Stephanie Murray Shortt,Chief Judge,Hon. Hugh Lee Harrell,Presiding Judge
,Hon. J. D. Bolt,,Hon. Howard Lee Chitwood,,Hon. Josiah T. Showalter Jr.,Presiding Judge
,Hon. Erin J. DeHart,,Hon. Monica D. Cox,,Hon. Bradley W. Finch,Chief Judge
,Hon. Randal J. Duncan,,Hon. Bradley G Dalton,,Hon. Kenneth M. Fleenor Jr.,
,Hon. Gerald Eugene Mabe II,,Hon. Robert C. Viar Jr.,,Hon. Brett L. Geisler,
,,,,,Hon. Robert M. D. Turk,
Botetourt,Hon. William Harrison Cleaveland,"Presiding Judge, Chief Judge",Hon. Paul A. Tucker,Presiding Judge,Hon. William Chapman Goodwin,Chief Judge
,Hon. Christopher M. Billias,,Hon. Correy R. Smith,Chief Judge,Hon. Joel R. Branscom,
,Hon. Robin J. Mayer,,Hon. Robert C. Hagan Jr.,,Hon. Paul A. Dryer,
,Hon. Rupen R. Shah,,Hon. Linda Schorsch Jones,,Hon. Anne M. Reed,
,,,Hon. Susan B. Read,,Hon. Christopher B. Russell,
,,,,,Hon. Edward K. Stein,
Bristol ,Hon. Eric R. Thiessen,Chief Judge,Hon. Joseph B. Lyle,"Presiding Judge, Chief Judge",Hon. Sage B. Johnson,Presiding Judge
,Hon. Robert L. Hobbs,,Hon. Richard S. Buddington Jr.,,Hon. Deanis L. Simmons,Chief Judge
,Hon. Travis B. Lee,,Hon. Florence A. Powell,,Hon. Charles Randall Lowe,
,,,,,Hon. Fredrick A. Rowlett,
Brunswick ,Hon. Churchill Ridley Bain,Presiding Judge,Hon. Christopher B. Ackerman,Presiding Judge,Hon. William Allan Sharrett,Presiding Judge
,Hon. Bruce A. Clark Jr.,Chief Judge,Hon. Wallace W. Brittle Jr.,Presiding Judge,Hon. William Edward Tomko III,Chief Judge
,Hon. Elbert D. Mumphery,,Hon. Jacqueline R. Waymack,Chief Judge,Hon. Carson E. Saunders Jr.,
,Hon. Lyndia P. Ramsey,,,,,
,Hon. Harold Lee Townsend III,,,,,
Buchanan ,Hon. George Robert Brittain,Chief Judge,Hon. Laura F. Robinson,Chief Judge,Hon. Patrick R. Johnson,Presiding Judge
,Hon. Henry A. Barringer,,Hon. Michael J. Bush,,Hon. Brian K. Patton,Chief Judge
,,,Hon. Martha P. Ketron,,Hon. Jack S. Hurley Jr.,
,,,,,Hon. Michael Lee Moore,
,,,,,Hon. Richard C. Patterson,
Buckingham,Hon. Calvin S. Spencer Jr.,Chief Judge,Hon. Marvin H. Dunkum Jr.,"Presiding Judge, Chief Judge",Hon. Donald Carl Blessing,Presiding Judge
,Hon. Jody H. Fariss,,Hon. Nora J. Miller,,Hon. Kimberley S. White,Chief Judge
,Hon. Darrel W. Puckett,,Hon. Robert H. Morrison,,Hon. Stephen Anderson Nelson,
,,,,,Hon. James William Watson Jr.,
Buena Vista,Hon. Robin J. Mayer,Presiding Judge,Hon. Paul A. Tucker,Presiding Judge,Hon. William Chapman Goodwin,Chief Judge
,Hon. William Harrison Cleaveland,Chief Judge,Hon. Correy R. Smith,Chief Judge,Hon. Joel R. Branscom,
,Hon. Christopher M. Billias,,Hon. Robert C. Hagan Jr.,,Hon. Paul A. Dryer,
,Hon. Rupen R. Shah,,Hon. Linda Schorsch Jones,,Hon. Anne M. Reed,
,,,Hon. Susan B. Read,,Hon. Christopher B. Russell,
,,,,,Hon. Edward K. Stein,
Campbell ,Hon. Stephanie S. Maddox,Presiding Judge,Hon. Brooke Taylor Willse Gaddy,"Presiding Judge, Chief Judge",Hon. John T. Cook,Presiding Judge
,Hon. Sam Daniel Eggleston,Chief Judge,Hon. Jeffrey P. Bennett,,"Hon. Michael T. Garrett, Chief Judge",
,Hon. Randy C. Krantz,,Hon. Robert Louis Harrison Jr.,,Hon. Michael R. Doucette,
,,,Hon. Stephanie Mutter-Ayers,,Hon. James W. Updike Jr.,
,,,Hon. H. Cary Payne,,Hon. James F. Watson,
,,,Hon. Jennifer E. Stille,,Hon. Frank Patrick Yeatts,
Caroline ,Hon. Robert Eric Reibach,Presiding Judge,Hon. Frank G Uvanni,Presiding Judge,Hon. Sarah L. Deneke,Chief Judge
,Hon. John S. Martin,Chief Judge,Hon. Georgia K. Sutton,Chief Judge,Hon. William E. Glover,
,Hon. David B. Caddell Jr.,,Hon. John E. Franklin,,Hon. John Overton Harris,
,Hon. Hugh S. Campbell,,Hon. Shannon O. Hoehl,,Hon. Herbert M. Hewitt,
,Hon. Richard T. McGrath,,Hon. Julian W. Johnson,,Hon. Patricia Kelly,
,Hon. Angela M. O'Connor,,Hon. Marcel D. Jones,,Hon. Michael E. Levy,
,Hon. Jane M. Reynolds,,Hon. William L. Lewis,,Hon. Roy Michael McKenney,
,,,Hon. Andrea M. Stewart,,Hon. Ricardo Rigual,
,,,Hon. Joseph A. Vance IV,,Hon. James Bruce Strickland,
,,,,,Hon. Gordon F. Willis,
,,,,,Hon. Victoria A. B. Willis,
Carroll ,Hon. Gerald Eugene Mabe II,Presiding Judge,Hon. Stephanie Murray Shortt,Chief Judge,Hon. Brett L. Geisler,Presiding Judge
,Hon. Gino W. Williams,Chief Judge,Hon. Howard Lee Chitwood,,Hon. Bradley W. Finch,Chief Judge
,Hon. J. D. Bolt,,Hon. Monica D. Cox,,Hon. Kenneth M. Fleenor Jr.,
,Hon. Erin J. DeHart,,Hon. Bradley G Dalton,,Hon. Hugh Lee Harrell,
,Hon. Randal J. Duncan,,Hon. Robert C. Viar Jr.,,Hon. Josiah T. Showalter Jr.,
,,,,,Hon. Robert M. D. Turk,
Charles ,Hon. Colleen K. Killilea,Presiding Judge,Hon. Cressondra B. Conyers,"Presiding Judge, Chief Judge",Hon. Benjamin Elliott Bondurant,Presiding Judge
,Hon. Stephen Ashton Hudgins,Chief Judge,Hon. Wade A. Bowie,,Hon. Richard H. Rizk,Chief Judge
,Hon. Stephanie E. Merritt,,Hon. Mara M. Matthews,,Hon. Jeffrey W. Shaw,
,,,Hon. Brian J. Smalls,,Hon. Holly B. Smith,
Charlotte ,Hon. Calvin S. Spencer Jr.,"Presiding Judge, Chief Judge",Hon. Nora J. Miller,Presiding Judge,Hon. Kimberley S. White,Chief Judge
,Hon. Jody H. Fariss,,Hon. Marvin H. Dunkum Jr.,Chief Judge,Hon. Donald Carl Blessing,
,Hon. Darrel W. Puckett,,Hon. Robert H. Morrison,,Hon. Stephen Anderson Nelson,
,,,,,Hon. James William Watson Jr.,
Charlottesville,Hon. Kenneth Andrew Sneathern,Presiding Judge,Hon. Deborah S. Tinsley,Chief Judge,Hon. Richard E. Moore,Presiding Judge
,Hon. Claiborne H. Stokes Jr.,Chief Judge,Hon. David M Barredo,,Hon. Claude V. Worrell Jr.,Presiding Judge
,Hon. Theresa W. Carter,,Hon. Gilbert H. Berger,,Hon. Timothy K. Sanner,Chief Judge
,Hon. Matthew J. Quatrara,,Hon. Barbara G. Lowe,,Hon. Dale B. Durrer,
,,,Hon. Ronald L. Morris,,Hon. David B. Franzen,
,,,Hon. Frank W. Somerville,,Hon. Cheryl V. Higgins,
Chesapeake ,Hon. Erin L. Evans,Chief Judge,Hon. David J. Whitted,Chief Judge,Hon. John W. Brown,"Presiding Judge, Chief Judge"
,Hon. Linda L. Bryant,,Hon. Lori Beth Galbraith,,Hon. Marjorie T. Arrington,Presiding Judge
,Hon. Michael R. Katchmark,,Hon. Andrew D. Kubovcik,,Hon. Rufus A. Banks Jr.,Presiding Judge
,Hon. Tanya L. Lomax,,Hon. Larry D. Willis Sr.,,Hon. Robert G. MacDonald,Presiding Judge
,,,,,Hon. Stephen J. Telfeyan,Presiding Judge
Chesterfield ,Hon. Matthew Donald Nelson,"Presiding Judge, Chief Judge",Hon. Vanessa L Jones,"Presiding Judge, Chief Judge",Hon. Edward A. Robbins Jr.,"Presiding Judge, Chief Judge"
,Hon. Keith Nelson Hurley,Presiding Judge,Hon. Duane Gregory Carr,Presiding Judge,Hon. Lynn S. Brice,Presiding Judge
,Hon. James J. O'Connell III,Presiding Judge,Hon. Scott David Landry,Presiding Judge,Hon. David E. Johnson,Presiding Judge
,Hon. Thomas L. Vaughn,Presiding Judge,Hon. M. Duncan Minton Jr.,Presiding Judge,Hon. Steven C. McCallum,Presiding Judge
,,,Hon. J. David Rigler,Presiding Judge,Hon. Jayne Ann Pemberton,Presiding Judge
,,,Hon. Travis R. Williams,,Hon. Frederick G. Rockwell III,Presiding Judge
Clarke ,Hon. John Stanley Hart Jr.,Chief Judge,Hon. Daryl L. Funk,Presiding Judge,Hon. William W. Eldridge IV,Presiding Judge
,Hon. Mary Louise Costello Daniel,,Hon. Hugh David O'Donnell,Chief Judge,Hon. Alexander R. Iden,Presiding Judge
,Hon. W. Dale Houff,,Hon. Kimberly Marion Athey,,Hon. Brian M. Madden,Presiding Judge
,Hon. Amy B. Tisinger,,Hon. Anthony Wayne Bailey,,Hon. Clark Andrew Ritchie,Chief Judge
,,,Hon. Elizabeth Kellas Burton,,Hon. Bruce D. Albertson,
,,,Hon. Rachel E. Figura,,Hon. Kevin C. Black,
,,,Hon. Chad A. Logan,,Hon. William W. Sharp,
,,,,,Hon. Thomas J. Wilson IV,
Colonial Heights,Hon. Matthew Donald Nelson,"Presiding Judge, Chief Judge",Hon. Vanessa L Jones,"Presiding Judge, Chief Judge",Hon. Lynn S. Brice,Presiding Judge
,Hon. Keith Nelson Hurley,Presiding Judge,Hon. Duane Gregory Carr,Presiding Judge,Hon. Edward A. Robbins Jr.,Chief Judge
,Hon. James J. O'Connell III,Presiding Judge,Hon. Scott David Landry,Presiding Judge,Hon. David E. Johnson,
,Hon. Thomas L. Vaughn,Presiding Judge,Hon. Travis R. Williams,Presiding Judge,Hon. Steven C. McCallum,
,,,Hon. M. Duncan Minton Jr.,,Hon. Jayne Ann Pemberton,
,,,Hon. J. David Rigler,,Hon. Frederick G. Rockwell III,
Craig ,Hon. William Harrison Cleaveland,"Presiding Judge, Chief Judge",Hon. Paul A. Tucker,Presiding Judge,Hon. William Chapman Goodwin,Chief Judge
,Hon. Christopher M. Billias,,Hon. Correy R. Smith,Chief Judge,Hon. Joel R. Branscom,
,Hon. Robin J. Mayer,,Hon. Robert C. Hagan Jr.,,Hon. Paul A. Dryer,
,Hon. Rupen R. Shah,,Hon. Linda Schorsch Jones,,Hon. Anne M. Reed,
,,,Hon. Susan B. Read,,Hon. Christopher B. Russell,
,,,,,Hon. Edward K. Stein,
Culpeper ,Hon. Theresa W. Carter,Presiding Judge,Hon. Gilbert H. Berger,Presiding Judge,Hon. Dale B. Durrer,Presiding Judge
,Hon. Claiborne H. Stokes Jr.,Chief Judge,Hon. Frank W. Somerville,Presiding Judge,Hon. Timothy K. Sanner,Chief Judge
,Hon. Matthew J. Quatrara,,Hon. Deborah S. Tinsley,Chief Judge,Hon. David B. Franzen,
,Hon. Kenneth Andrew Sneathern,,Hon. David M Barredo,,Hon. Cheryl V. Higgins,
,,,Hon. Barbara G. Lowe,,Hon. Richard E. Moore,
,,,Hon. Ronald L. Morris,,Hon. Claude V. Worrell Jr.,
Cumberland ,Hon. Calvin S. Spencer Jr.,Chief Judge,Hon. Marvin H. Dunkum Jr.,"Presiding Judge, Chief Judge",Hon. Kimberley S. White,"Presiding Judge, Chief Judge"
,Hon. Jody H. Fariss,,Hon. Nora J. Miller,,Hon. Donald Carl Blessing,Presiding Judge
,Hon. Darrel W. Puckett,,Hon. Robert H. Morrison,,Hon. Stephen Anderson Nelson,
,,,,,Hon. James William Watson Jr.,
Danville,Hon. George A. Jones Jr.,Chief Judge,Hon. Dale M. Wiley,Presiding Judge,Hon. James J. Reynolds,"Presiding Judge, Chief Judge"
,Hon. Robert L Adams Jr.,,Hon. Brian H. Turpin,Chief Judge,Hon. Joseph W. Milam Jr.,Presiding Judge
,,,Hon. Deanna Perdue Stone,,Hon. Timothy W. Allen,
,,,,,Hon. Stacey W. Moreau,
Dickenson ,Hon. George Robert Brittain,Chief Judge,Hon. Laura F. Robinson,Chief Judge,Hon. Brian K. Patton,Chief Judge
,Hon. Henry A. Barringer,,Hon. Michael J. Bush,,Hon. Jack S. Hurley Jr.,
,,,Hon. Martha P. Ketro,,Hon. Patrick R. Johnson,
,,,,,Hon. Michael Lee Moore,
,,,,,Hon. Richard C. Patterson,
Dinwiddie ,Hon. Ray P. Lupold III,Chief Judge,Hon. Cheryl J. Wilson,Presiding Judge,Hon. Paul W. Cella,Chief Judge
,Hon. Kenneth A. Blalock,,Hon. Phillip T. DiStanislao,Chief Judge,Hon. Dennis M. Martin,
,Hon. Thomas Stark IV,,Hon. Theresa J. Royall,,Hon. Joseph M. Teefey Jr.,
Essex ,Hon. John S. Martin,"Presiding Judge, Chief Judge",Hon. William L. Lewis,Presiding Judge,Hon. Herbert M. Hewitt,Presiding Judge
,Hon. David B. Caddell Jr.,,Hon. Georgia K. Sutton,Chief Judge,Hon. Sarah L. Deneke,Chief Judge
,Hon. Hugh S. Campbell,,Hon. John E. Franklin,,Hon. William E. Glover,
,Hon. Richard T. McGrath,,Hon. Shannon O. Hoehl,,Hon. John Overton Harris,
,Hon. Angela M. O'Connor,,Hon. Julian W. Johnson,,Hon. Patricia Kelly,
,Hon. Robert Eric Reibach,,Hon. Marcel D. Jones,,Hon. Michael E. Levy,
,Hon. Jane M. Reynolds,,Hon. Andrea M. Stewart,,Hon. Roy Michael McKenney,
,,,Hon. Frank G Uvanni,,Hon. Ricardo Rigual,
,,,Hon. Joseph A. Vance IV,,Hon. James Bruce Strickland,
,,,,,Hon. Gordon F. Willis,
,,,,,Hon. Victoria A. B. Willis,
Fairfax ,Hon. Lisa A. Mayne,"Presiding Judge, Chief Judge",Hon. Thomas P. Sotelo,"Presiding Judge, Chief Judge",Hon. Penney S. Azcarate,"Presiding Judge, Chief Judge"
,Hon. Harry Michael Cantrell,Presiding Judge,Hon. Maha-Rebekah Ramos Abejuela,Presiding Judge,Hon. Randy I. Bellows,Presiding Judge
,Hon. Manuel A. Capsalis,Presiding Judge,Hon. Gayl Branum Carr,Presiding Judge,Hon. David Bernhard,Presiding Judge
,Hon. Michael Joseph Cassidy,Presiding Judge,Hon. Glenn L. Clayton II,Presiding Judge,Hon. Dontae L. Bugg,Presiding Judge
,Hon. Susan Friedlander Earman,Presiding Judge,Hon. Jonathan D. Frieden,Presiding Judge,Hon. Grace Burke Carroll,Presiding Judge
,Hon. Michael Joshua Lindner,Presiding Judge,Hon. Todd G. Petit,Presiding Judge,Hon. Michael F. Devine,Presiding Judge
,Hon. William J. Minor Jr.,Presiding Judge,Hon. Melissa S. Cardoce,,Hon. Richard E. Gardiner,Presiding Judge
,Hon. Gary H. Moliken,Presiding Judge,Hon. Melinda L. VanLowe,,Hon. Brett A. Kassabian,Presiding Judge
,Hon. Mitchell I. Mutnick,Presiding Judge,,,Hon. Thomas P. Mann,Presiding Judge
,Hon. Mark C. Simmons,Presiding Judge,,,Hon. David A. Oblon,Presiding Judge
,Hon. Tina L. Snee,Presiding Judge,,,Hon. Tania M.L. Saylor,Presiding Judge
,Hon. Susan J. Stoney,Presiding Judge,,,Hon. Stephen C. Shannon,Presiding Judge
,,,,,Hon. Robert J. Smith,Presiding Judge
,,,,,Hon. John M. Tran,Presiding Judge
Fauquier ,Hon. Deborah C. Welsh,Chief Judge,Hon. Melissa N. Cupp,Presiding Judge,Hon. Douglas L. Fleming Jr.,Chief Judge
,Hon. Jessica H. Foster,,Hon. Pamela L. Brooks,Chief Judge,Hon. James P. Fisher,
,Hon. Matthew Parke Snow,,Hon. Avelina S. Jacob,,Hon. Jeanette A. Irby,
,Hon. Lorrie Ann Sinclair Taylor,,,,Hon. James E. Plowman Jr.,
,,,,,Hon. Stephen E. Sincavage,
Floyd ,Hon. Randal J. Duncan,Presiding Judge,Hon. Bradley G Dalton,Presiding Judge,Hon. Kenneth M. Fleenor Jr.,Presiding Judge
,Hon. Gino W. Williams,Chief Judge,Hon. Stephanie Murray Shortt,Chief Judge,Hon. Bradley W. Finch,Chief Judge
,Hon. J. D. Bolt,,Hon. Howard Lee Chitwood,,Hon. Brett L. Geisler,
,Hon. Erin J. DeHart,,Hon. Monica D. Cox,,Hon. Hugh Lee Harrell,
,Hon. Gerald Eugene Mabe II,,Hon. Robert C. Viar Jr.,,Hon. Josiah T. Showalter Jr.,
,,,,,Hon. Robert M. D. Turk,
Fluvanna ,Hon. Claiborne H. Stokes Jr.,Chiel Judge,Hon. Deborah S. Tinsley,Chief Judge,Hon. Richard E. Moore,Presiding Judge
,Hon. Theresa W. Carter,,Hon. David M Barredo,,Hon. Timothy K. Sanner,Chief Judge
,Hon. Matthew J. Quatrara,,Hon. Gilbert H. Berger,,Hon. Dale B. Durrer,
,Hon. Kenneth Andrew Sneathern,,Hon. Barbara G. Lowe,,Hon. David B. Franzen,
,,,Hon. Ronald L. Morris,,Hon. Cheryl V. Higgins,
,,,Hon. Frank W. Somerville,,Hon. Claude V. Worrell Jr.,
Franklin ,Hon. George A. Jones Jr.,"Presiding Judge, Chief Judge",Hon. Brian H. Turpin,Chief Judge,Hon. James J. Reynolds,Chief Judge
,Hon. Robert L Adams Jr.,,Hon. Deanna Perdue Stone,,Hon. Timothy W. Allen,
,,,Hon. Dale M. Wiley,,Hon. Joseph W. Milam Jr.,
,,,,,Hon. Stacey W. Moreau,
Frederick ,Hon. John Stanley Hart Jr.,Chief Judge,Hon. Kimberly Marion Athey,Presiding Judge,Hon. William W. Eldridge IV,Presiding Judge
,Hon. Mary Louise Costello Daniel,,Hon. Elizabeth Kellas Burton,Presiding Judge,Hon. Alexander R. Iden,Presiding Judge
,Hon. W. Dale Houff,,Hon. Hugh David O'Donnell,Chief Judge,Hon. Brian M. Madden,Presiding Judge
,Hon. Amy B. Tisinger,,Hon. Anthony Wayne Bailey,,Hon. Clark Andrew Ritchie,
,,,Hon. Rachel E. Figura,,Hon. Bruce D. Albertson,
,,,Hon. Daryl L. Funk,,Hon. Kevin C. Black,
,,,Hon. Chad A. Logan,,Hon. William W. Sharp,
,,,,,Hon. Thomas J. Wilson IV,
Fredericksburg ,Hon. John S. Martin,Chief Judge,Hon. Joseph A. Vance IV,Presiding Judge,Hon. Gordon F. Willis,Presiding Judge
,Hon. David B. Caddell Jr.,,Hon. Georgia K. Sutton,Chief Judge,Hon. Sarah L. Deneke,Chief Judge
,Hon. Hugh S. Campbell,,Hon. John E. Franklin,,Hon. William E. Glover,
,Hon. Richard T. McGrath,,Hon. Shannon O. Hoehl,,Hon. John Overton Harris,
,Hon. Angela M. O'Connor,,Hon. Julian W. Johnson,,Hon. Herbert M. Hewitt,
,Hon. Robert Eric Reibach,,Hon. Marcel D. Jones,,Hon. Patricia Kelly,
,Hon. Jane M. Reynolds,,Hon. William L. Lewis,,Hon. Michael E. Levy,
,,,Hon. Andrea M. Stewart,,Hon. Roy Michael McKenney,
,,,Hon. Frank G Uvanni,,Hon. Ricardo Rigual,
,,,,,Hon. James Bruce Strickland,
,,,,,Hon. Victoria A. B. Willis,
Giles ,Hon. Gino W. Williams,"Presiding Judge, Chief Judge",Hon. Stephanie Murray Shortt,"Presiding Judge, Chief Judge",Hon. Bradley W. Finch,Chief Judge
,Hon. J. D. Bolt,,Hon. Howard Lee Chitwood,,Hon. Kenneth M. Fleenor Jr.,
,Hon. Erin J. DeHart,,Hon. Monica D. Cox,,Hon. Brett L. Geisler,
,Hon. Randal J. Duncan,,Hon. Bradley G Dalton,,Hon. Hugh Lee Harrell,
,Hon. Gerald Eugene Mabe II,,Hon. Robert C. Viar Jr.,,Hon. Josiah T. Showalter Jr.,
,,,,,Hon. Robert M. D. Turk,
Gloucester,Hon. Stephanie E. Merritt,Presiding Judge,Hon. Cressondra B. Conyers,"Presiding Judge, Chief Judge",Hon. Jeffrey W. Shaw,Presiding Judge
,Hon. Stephen Ashton Hudgins,Chief Judge,Hon. Wade A. Bowie,,Hon. Richard H. Rizk,Chief Judge
,Hon. Colleen K. Killilea,,Hon. Mara M. Matthews,,Hon. Benjamin Elliott Bondurant,
,,,Hon. Brian J. Smalls,,Hon. Holly B. Smith,
Goochland,Hon. Claiborne H. Stokes Jr.,Chief Judge,Hon. Deborah S. Tinsley,"Presiding Judge, Chief Judge",Hon. Timothy K. Sanner,"Presiding Judge, Chief Judge"
,Hon. Theresa W. Carter,,Hon. David M Barredo,,Hon. Dale B. Durrer,
,Hon. Matthew J. Quatrara,,Hon. Gilbert H. Berger,,Hon. David B. Franzen,
,Hon. Kenneth Andrew Sneathern,,Hon. Barbara G. Lowe,,Hon. Cheryl V. Higgins,
,,,Hon. Ronald L. Morris,,Hon. Richard E. Moore,
,,,Hon. Frank W. Somerville,,Hon. Claude V. Worrell Jr.,
Grayson ,Hon. J. D. Bolt,Presiding Judge,Hon. Monica D. Cox,Presiding Judge,Hon. Hugh Lee Harrell,Presiding Judge
,Hon. Gino W. Williams,Chief Judge,Hon. Stephanie Murray Shortt,Chief Judge,Hon. Bradley W. Finch,Chief Judge
,Hon. Erin J. DeHart,,Hon. Howard Lee Chitwood,,Hon. Kenneth M. Fleenor Jr.,
,Hon. Randal J. Duncan,,Hon. Bradley G Dalton,,Hon. Brett L. Geisler,
,Hon. Gerald Eugene Mabe II,,Hon. Robert C. Viar Jr.,,Hon. Josiah T. Showalter Jr.,
,,,,,Hon. Robert M. D. Turk,
Greene ,Hon. Kenneth Andrew Sneathern,Presiding Judge,Hon. David M Barredo,Presiding Judge,Hon. Claude V. Worrell Jr.,Presiding Judge
,Hon. Claiborne H. Stokes Jr.,Chief Judge,Hon. Deborah S. Tinsley,Chief Judge,Hon. Timothy K. Sanner,Chief Judge
,Hon. Theresa W. Carter,,Hon. Gilbert H. Berger,,Hon. Dale B. Durrer,
,Hon. Matthew J. Quatrara,,Hon. Barbara G. Lowe,,Hon. David B. Franzen,
,,,Hon. Ronald L. Morris,,Hon. Cheryl V. Higgins,
,,,Hon. Frank W. Somerville,,Hon. Richard E. Moore,
Greensville ,Hon. Bruce A. Clark Jr.,Chief Judge,Hon. Jacqueline R. Waymack,Chief Judge,Hon. William Allan Sharrett,Presiding Judge
,Hon. Churchill Ridley Bain,,Hon. Christopher B. Ackerman,,Hon. William Edward Tomko III,Chief Judge
,Hon. Elbert D. Mumphery,,Hon. Wallace W. Brittle Jr.,,Hon. Carson E. Saunders Jr.,
,Hon. Lyndia P. Ramsey,,,,,
,Hon. Harold Lee Townsend III,,,,,
Halifax ,Hon. Darrel W. Puckett,Presiding Judge,Hon. Nora J. Miller,Presiding Judge,Hon. Kimberley S. White,Chief Judge
,Hon. Calvin S. Spencer Jr.,Chief Judge,Hon. Robert H. Morrison,Presiding Judge,Hon. Donald Carl Blessing,
,Hon. Jody H. Fariss,,Hon. Marvin H. Dunkum Jr.,Chief Judge,Hon. Stephen Anderson Nelson,
,,,,,Hon. James William Watson Jr.,
Hampton,Hon. Selena Stellute Glenn,"Presiding Judge, Chief Judge",Hon. Jay Edward Dugger,"Presiding Judge, Chief Judge",Hon. Christopher W. Hutton,Presiding Judge
,Hon. Tonya Henderson-Stith,Presiding Judge,Hon. Gregory C. Bane,Presiding Judge,Hon. Bonnie L. Jones,Presiding Judge
,Hon. Corry N. Smith,Presiding Judge,Hon. Robert B. Wilson V,Presiding Judge,Hon. Michael A. Gaten,Chief Judge
Hanover ,Hon. Hugh S. Campbell,Presiding Judge,Hon. Shannon O. Hoehl,Presiding Judge,Hon. John Overton Harris,Presiding Judge
,Hon. John S. Martin,Chief Judge,Hon. Georgia K. Sutton,Chief Judge,Hon. Patricia Kelly,Presiding Judge
,Hon. David B. Caddell Jr.,,Hon. John E. Franklin,,Hon. Sarah L. Deneke,Chief Judge
,Hon. Richard T. McGrath,,Hon. Julian W. Johnson,,Hon. William E. Glover,
,Hon. Angela M. O'Connor,,Hon. Marcel D. Jones,,Hon. Herbert M. Hewitt,
,Hon. Robert Eric Reibach,,Hon. William L. Lewis,,Hon. Michael E. Levy,
,Hon. Jane M. Reynolds,,Hon. Andrea M. Stewart,,Hon. Roy Michael McKenney,
,,,Hon. Frank G Uvanni,,Hon. Ricardo Rigual,
,,,Hon. Joseph A. Vance IV,,Hon. James Bruce Strickland,
,,,,,Hon. Gordon F. Willis,
,,,,,Hon. Victoria A. B. Willis,
Rockingham ,Hon. John Stanley Hart Jr.,"Presiding Judge, Chief Judge",Hon. Hugh David O'Donnell,"Presiding Judge, Chief Judge",Hon. Clark Andrew Ritchie,"Presiding Judge, Chief Judge"
,Hon. Mary Louise Costello Daniel,,Hon. Kimberly Marion Athey,,Hon. Bruce D. Albertson,Presiding Judge
,Hon. W. Dale Houff,,Hon. Anthony Wayne Bailey,,Hon. Thomas J. Wilson IV,Presiding Judge
,Hon. Amy B. Tisinger,,Hon. Elizabeth Kellas Burton,,Hon. Kevin C. Black,
,,,Hon. Rachel E. Figura,,Hon. William W. Eldridge IV,
,,,Hon. Daryl L. Funk,,Hon. Alexander R. Iden,
,,,Hon. Chad A. Logan,,Hon. Brian M. Madden,
,,,,,Hon. William W. Sharp,
Henrico ,Hon. John K. Honey Jr.,"Presiding Judge, Chief Judge",Hon. Margaret W. Deglau,"Presiding Judge, Chief Judge",Hon. Lee A. Harris Jr.,"Presiding Judge, Chief Judge"
,Hon. Thomas O. Bondurant Jr.,Presiding Judge,Hon. Linda Lambert Anderson,Presiding Judge,Hon. Rondelle D. Herman,Presiding Judge
,Hon. Lauren A. Caudill,Presiding Judge,Hon. Sharon Gregory Jacobs,Presiding Judge,Hon. Randall G. Johnson Jr.,Presiding Judge
,Hon. George Barton Chucker,Presiding Judge,Hon. Stacy E. Lee,Presiding Judge,Hon. John Marshall,Presiding Judge
,Hon. Bryan Craig Dunkum,Presiding Judge,Hon. Stuart L. Williams Jr.,Presiding Judge,Hon. Richard S. Wallerstein Jr.,Presiding Judge
Henry ,Hon. James R. McGarry,Chief Judge,Hon. Susan N. Deatherage,"Presiding Judge, Chief Judge",Hon. David V. Williams,Presiding Judge
,Hon. Joan Ziglar,,Hon. Kimberly R. Belongia,,Hon. Giles Carter Greer,Chief Judge
,,,,,Hon. Marcus A. Brinks,
Highland ,Hon. William Harrison Cleaveland,Chief Judge,Hon. Correy R. Smith,Chief Judge,Hon. Edward K. Stein,Presiding Judge
,Hon. Christopher M. Billias,,Hon. Robert C. Hagan Jr.,,Hon. William Chapman Goodwin,Chief Judge
,Hon. Robin J. Mayer,,Hon. Linda Schorsch Jones,,Hon. Joel R. Branscom,
,Hon. Rupen R. Shah,,Hon. Susan B. Read,,Hon. Paul A. Dryer,
,,,Hon. Paul A. Tucker,,Hon. Anne M. Reed,
,,,,,Hon. Christopher B. Russell,
Hopewell ,Hon. Bruce A. Clark Jr.,"Presiding Judge, Chief Judge",Hon. Jacqueline R. Waymack,"Presiding Judge, Chief Judge",Hon. William Allan Sharrett,Presiding Judge
,Hon. Elbert D. Mumphery,Presiding Judge,Hon. Christopher B. Ackerman,Presiding Judge,Hon. William Edward Tomko III,Chief Judge
,Hon. Churchill Ridley Bain,,Hon. Wallace W. Brittle Jr.,Presiding Judge,Hon. Carson E. Saunders Jr.,
,Hon. Lyndia P. Ramsey,,,,,
,Hon. Harold Lee Townsend III,,,,,
Isle of Wight,Hon. Alfred W. Bates III,"Presiding Judge, Chief Judge",Hon. James E. Wiser,"Presiding Judge, Chief Judge",Hon. Carl Edward Eason Jr.,"Presiding Judge, Chief Judge"
,Hon. Nicole A. Belote,Presiding Judge,Hon. Stan D. Clark,,Hon. Lawson Wayne Farmer,
,Hon. Helivi L. Holland,,,,Hon. Matthew A. Glassman,
,,,,,Hon. Robert H. Sandwich Jr.,
James City County/Williamsburg,Hon. Colleen K. Killilea,Presiding Judge,Hon. Cressondra B. Conyers,Chief Judge,Hon. Richard H. Rizk,Chief Judge
,Hon. Stephen Ashton Hudgins,Chief Judge,Hon. Wade A. Bowie,,Hon. Benjamin Elliott Bondurant,
,Hon. Stephanie E. Merritt,,Hon. Mara M. Matthews,,Hon. Jeffrey W. Shaw,
,,,Hon. Brian J. Smalls,,Hon. Holly B. Smith,
King George,Hon. David B. Caddell Jr.,Presiding Judge,Hon. Joseph A. Vance IV,Presiding Judge,Hon. Herbert M. Hewitt,Presiding Judge
,Hon. Robert Eric Reibach,Presiding Judge,Hon. Georgia K. Sutton,Chief Judge,Hon. Sarah L. Deneke,Chief Judge
,"Hon. John S. Martin, Chief Judge",,Hon. John E. Franklin,,Hon. William E. Glover,
,Hon. Hugh S. Campbell,,Hon. Shannon O. Hoehl,,Hon. John Overton Harris,
,Hon. Richard T. McGrath,,Hon. Julian W. Johnson,,Hon. Patricia Kelly,
,Hon. Angela M. O'Connor,,Hon. Marcel D. Jones,,Hon. Michael E. Levy,
,Hon. Jane M. Reynolds,,Hon. William L. Lewis,,Hon. Roy Michael McKenney,
,,,Hon. Andrea M. Stewart,,Hon. Ricardo Rigual,
,,,Hon. Frank G Uvanni,,Hon. James Bruce Strickland,
,,,,,Hon. Gordon F. Willis,
,,,,,Hon. Victoria A. B. Willis,
King William,Hon. Stephen Ashton Hudgins,Chief Judge,Hon. Mara M. Matthews,Presiding Judge,Hon. Benjamin Elliott Bondurant,Presiding Judge
,Hon. Colleen K. Killilea,,Hon. Cressondra B. Conyers,Chief Judge,"Hon. Richard H. Rizk, Chief Judge",
,Hon. Stephanie E. Merritt,,Hon. Wade A. Bowie,,Hon. Jeffrey W. Shaw,
,,,Hon. Brian J. Smalls,,Hon. Holly B. Smith,
King and Queen,Hon. Stephen Ashton Hudgins,Chief Judge,Hon. Mara M. Matthews,Presiding Judge,Hon. Benjamin Elliott Bondurant,Presiding Judge
,Hon. Colleen K. Killilea,,Hon. Cressondra B. Conyers,Chief Judge,"Hon. Richard H. Rizk, Chief Judge",
,Hon. Stephanie E. Merritt,,Hon. Wade A. Bowie,,Hon. Jeffrey W. Shaw,
,,,Hon. Brian J. Smalls,,Hon. Holly B. Smith,
Lancaster,Hon. John S. Martin,"Presiding Judge, Chief Judge",Hon. William L. Lewis,Presiding Judge,Hon. Roy Michael McKenney,Presiding Judge
,Hon. David B. Caddell Jr.,,Hon. Georgia K. Sutton,Chief Judge,Hon. Sarah L. Deneke,Chief Judge
,Hon. Hugh S. Campbell,,Hon. John E. Franklin,,Hon. William E. Glover,
,Hon. Richard T. McGrath,,Hon. Shannon O. Hoehl,,Hon. John Overton Harris,
,Hon. Angela M. O'Connor,,Hon. Julian W. Johnson,,Hon. Herbert M. Hewitt,
,Hon. Robert Eric Reibach,,Hon. Marcel D. Jones,,Hon. Patricia Kelly,
,Hon. Jane M. Reynolds,,Hon. Andrea M. Stewart,,Hon. Michael E. Levy,
,,,Hon. Frank G Uvanni,,Hon. Ricardo Rigual,
,,,Hon. Joseph A. Vance IV,,Hon. James Bruce Strickland,
,,,,,Hon. Gordon F. Willis,
,,,,,Hon. Victoria A. B. Willis,
Lee ,Hon. Shawn L Hines,Chief Judge,Hon. Marcus F. McClung,Chief Judge,Hon. Tammy S. McElyea,Presiding Judge
,Hon. Andrew L. Johnson,,Hon. Kimberly M. Jenkins,,Hon. John C. Kilgore,Chief Judge
,,,Hon. Elizabeth S. Wills,,Hon. Ronald Kelley Elkins,
,,,,,Hon. Jeffrey Hamilton,
Loudoun ,Hon. Matthew Parke Snow,Presiding Judge,Hon. Pamela L. Brooks,"Presiding Judge, Chief Judge",Hon. Douglas L. Fleming Jr.,Chief Judge
,Hon. Lorrie Ann Sinclair Taylor,Presiding Judge,Hon. Avelina S. Jacob,Presiding Judge,Hon. James P. Fisher,
,Hon. Deborah C. Welsh,Chief Judge,Hon. Melissa N. Cupp,,Hon. Jeanette A. Irby,
,Hon. Jessica H. Foster,,,,Hon. James E. Plowman Jr.,
,,,,,Hon. Stephen E. Sincavage,
Louisa ,Hon. Claiborne H. Stokes Jr.,Chief Judge,Hon. Deborah S. Tinsley,"Presiding Judge, Chief Judge",Hon. Timothy K. Sanner,"Presiding Judge, Chief Judge"
,Hon. Theresa W. Carter,,Hon. Gilbert H. Berger,Presiding Judge,Hon. Dale B. Durrer,
,Hon. Matthew J. Quatrara,,Hon. David M Barredo,,Hon. David B. Franzen,
,Hon. Kenneth Andrew Sneathern,,Hon. Barbara G. Lowe,,Hon. Cheryl V. Higgins,
,,,Hon. Ronald L. Morris,,Hon. Richard E. Moore,
,,,Hon. Frank W. Somerville,,Hon. Claude V. Worrell Jr.,
Lunenburg ,Hon. Calvin S. Spencer Jr.,Chief Judge,Hon. Robert H. Morrison,Presiding Judge,Hon. James William Watson Jr.,Presiding Judge
,Hon. Jody H. Fariss,,Hon. Marvin H. Dunkum Jr.,Chief Judge,Hon. Kimberley S. White,Chief Judge
,Hon. Darrel W. Puckett,,Hon. Nora J. Miller,,Hon. Donald Carl Blessing,
,,,,,Hon. Stephen Anderson Nelson,
Lynchburg ,Hon. Stephanie S. Maddox,Presiding Judge,Hon. H. Cary Payne,Presiding Judge,Hon. Frank Patrick Yeatts,Presiding Judge
,Hon. Sam Daniel Eggleston,Chief Judge,Hon. Brooke Taylor Willse Gaddy,Chief Judge,Hon. Michael T. Garrett,Chief Judge
,Hon. Randy C. Krantz,,Hon. Jeffrey P. Bennett,,Hon. John T. Cook,
,,,Hon. Robert Louis Harrison Jr.,,Hon. Michael R. Doucette,
,,,Hon. Stephanie Mutter-Ayers,,Hon. James W. Updike Jr.,
,,,Hon. Jennifer E. Stille,,Hon. James F. Watson,
Madison ,Hon. Claiborne H. Stokes Jr.,Chief Judge,Hon. Deborah S. Tinsley,"Presiding Judge, Chief Judge",Hon. David B. Franzen,Presiding Judge
,Hon. Theresa W. Carter,,Hon. David M Barredo,,Hon. Timothy K. Sanner,Chief Judge
,Hon. Matthew J. Quatrara,,Hon. Gilbert H. Berger,,Hon. Dale B. Durrer,
,Hon. Kenneth Andrew Sneathern,,Hon. Barbara G. Lowe,,Hon. Cheryl V. Higgins,
,,,Hon. Ronald L. Morris,,Hon. Richard E. Moore,
,,,Hon. Frank W. Somerville,,Hon. Claude V. Worrell Jr.,
Martinsville ,Hon. James R. McGarry,Chief Judge,Hon. Kimberly R. Belongia,Presiding Judge,Hon. Giles Carter Greer,"Presiding Judge, Chief Judge"
,Hon. Joan Ziglar,,Hon. Susan N. Deatherage,Chief Judge,Hon. Marcus A. Brinks,
,,,,,Hon. David V. Williams,
Mathews ,Hon. Stephanie E. Merritt,Presiding Judge,Hon. Cressondra B. Conyers,"Presiding Judge, Chief Judge",Hon. Jeffrey W. Shaw,Presiding Judge
,Hon. Stephen Ashton Hudgins,Chief Judge,Hon. Wade A. Bowie,,Hon. Richard H. Rizk,Chief Judge
,Hon. Colleen K. Killilea,,Hon. Mara M. Matthews,,Hon. Benjamin Elliott Bondurant,
,,,Hon. Brian J. Smalls,,Hon. Holly B. Smith,
Mecklenburg ,Hon. Calvin S. Spencer Jr.,Chief Judge,Hon. Nora J. Miller,Presiding Judge,Hon. Kimberley S. White,Chief Judge
,Hon. Jody H. Fariss,,Hon. Marvin H. Dunkum Jr.,Chief Judge,Hon. Donald Carl Blessing,
,Hon. Darrel W. Puckett,,Hon. Robert H. Morrison,,Hon. Stephen Anderson Nelson,
,,,,,Hon. James William Watson Jr.,
Middlesex ,Hon. Stephanie E. Merritt,Presiding Judge,Hon. Mara M. Matthews,Presiding Judge,Hon. Jeffrey W. Shaw,Presiding Judge
,Hon. Stephen Ashton Hudgins,Chief Judge,Hon. Cressondra B. Conyers,Chief Judge,Hon. Richard H. Rizk,Chief Judge
,Hon. Colleen K. Killilea,,Hon. Wade A. Bowie,,Hon. Benjamin Elliott Bondurant,
,,,Hon. Brian J. Smalls,,Hon. Holly B. Smith,
Montgomery ,Hon. Gino W. Williams,"Presiding Judge, Chief Judge",Hon. Robert C. Viar Jr.,Presiding Judge,Hon. Kenneth M. Fleenor Jr.,Presiding Judge
,Hon. Randal J. Duncan,Presiding Judge,Hon. Stephanie Murray Shortt,Chief Judge,Hon. Robert M. D. Turk,Presiding Judge
,Hon. J. D. Bolt,,Hon. Howard Lee Chitwood,,Hon. Bradley W. Finch,Chief Judge
,Hon. Erin J. DeHart,,Hon. Monica D. Cox,,Hon. Brett L. Geisler,
,Hon. Gerald Eugene Mabe II,,Hon. Bradley G Dalton,,Hon. Hugh Lee Harrell,
,,,,,Hon. Josiah T. Showalter Jr.,
Nelson,Hon. Sam Daniel Eggleston,Chief Judge,Hon. Jennifer E. Stille,Presiding Judge,Hon. Michael T. Garrett,Chief Judge
,Hon. Randy C. Krantz,,Hon. Brooke Taylor Willse Gaddy,Chief Judge,Hon. John T. Cook,
,Hon. Stephanie S. Maddox,,Hon. Jeffrey P. Bennett,,Hon. Michael R. Doucette,
,,,Hon. Robert Louis Harrison Jr.,,Hon. James W. Updike Jr.,
,,,Hon. Stephanie Mutter-Ayers,,Hon. James F. Watson,
,,,Hon. H. Cary Payne,,Hon. Frank Patrick Yeatts,
New Kent,Hon. Stephanie E. Merritt,Presiding Judge,Hon. Cressondra B. Conyers,Chief Judge,Hon. Benjamin Elliott Bondurant,Presiding Judge
,Hon. Stephen Ashton Hudgins,Chief Judge,Hon. Wade A. Bowie,,Hon. Richard H. Rizk,Chief Judge
,Hon. Colleen K. Killilea,,Hon. Mara M. Matthews,,Hon. Jeffrey W. Shaw,
,,,Hon. Brian J. Smalls,,Hon. Holly B. Smith,
Newport News,Hon. Matthew W. Hoffman,"Presiding Judge, Chief Judge",Hon. Jeffrey C. Rountree,"Presiding Judge, Chief Judge",Hon. Christopher R. Papile,"Presiding Judge, Chief Judge"
,Hon. Charisse M. Mullen,Presiding Judge,Hon. Rebecca M. Robinson,Presiding Judge,Hon. Timothy S. Fisher,Presiding Judge
,Hon. Robert G. Saunders,Presiding Judge,Hon. Kimberly Anne Kurkjian,,Hon. Gary A. Mills,Presiding Judge
,Hon. Michael S. Stein,Presiding Judge,Hon. Shawn W. Overbey,,Hon. Bryant L. Sugg,Presiding Judge
,,,,,Hon. Tyneka L. D. Flythe,
Norfolk ,Hon. Robert B. Rigney,Chief Judge,Hon. Devon R. Paige,"Presiding Judge, Chief Judge",Hon. David W. Lannetti,"Presiding Judge, Chief Judge"
,Hon. Joan E. Mahoney,,Hon. M. Randolph Carlson II,Presiding Judge,Hon. Michelle J. Atkins,Presiding Judge
,Hon. Michael C. Rosenblum,,Hon. Lauri DiEnno Hogge,Presiding Judge,Hon. John Raymond Doyle III,Presiding Judge
,Hon. Tameeka M. Williams,,Hon. Lyn M. Simmons,Presiding Judge,Hon. Mary Jane Hall,Presiding Judge
,,,Hon. Robert McLanahan Smith III,Presiding Judge,Hon. Jerrauld C. Jones,Presiding Judge
,,,,,Hon. Everett A. Martin Jr.,Presiding Judge
,,,,,Hon. Joseph A. Migliozzi Jr.,Presiding Judge
,,,,,Hon. Tasha D. Scott,
Northampton ,Hon. Gordon S. Vincent,"Presiding Judge, Chief Judge",Hon. Cela J. Burge,Chief Judge,Hon. Leslie L. Lilley,Chief Judge
,,,,,Hon. Kevin M. Duffan,
,,,,,Hon. Steven C. Frucci,
,,,,,Hon. William Revell Lewis III,
,,,,,Hon. James Clayton Lewis,
,,,,,Hon. Stephen C. Mahan,
,,,,,Hon. Anne Bonwill Shockley,
Northumberland ,Hon. John S. Martin,"Presiding Judge, Chief Judge",Hon. William L. Lewis,Presiding Judge,Hon. Roy Michael McKenney,Presiding Judge
,Hon. David B. Caddell Jr.,,Hon. Georgia K. Sutton,Chief Judge,Hon. Sarah L. Deneke,Chief Judge
,Hon. Hugh S. Campbell,,Hon. John E. Franklin,,Hon. William E. Glover,
,Hon. Richard T. McGrath,,Hon. Shannon O. Hoehl,,Hon. John Overton Harris,
,Hon. Angela M. O'Connor,,Hon. Julian W. Johnson,,Hon. Herbert M. Hewitt,
,Hon. Robert Eric Reibach,,Hon. Marcel D. Jones,,Hon. Patricia Kelly,
,Hon. Jane M. Reynolds,,Hon. Andrea M. Stewart,,Hon. Michael E. Levy,
,,,Hon. Frank G Uvanni,,Hon. Ricardo Rigual,
,,,Hon. Joseph A. Vance IV,,Hon. James Bruce Strickland,
,,,,,Hon. Gordon F. Willis,
,,,,,Hon. Victoria A. B. Willis,
Nottoway ,Hon. Ray P. Lupold III,Chief Judge,Hon. Phillip T. DiStanislao,Chief Judge,Hon. Paul W. Cella,Chief Judge
,Hon. Kenneth A. Blalock,,Hon. Theresa J. Royall,,Hon. Dennis M. Martin,
,Hon. Thomas Stark IV,,Hon. Cheryl J. Wilson,,Hon. Joseph M. Teefey Jr.,
Orange ,Hon. Claiborne H. Stokes Jr.,Chief Judge,Hon. Ronald L. Morris,Presiding Judge,Hon. Timothy K. Sanner,Chief Judge
,Hon. Theresa W. Carter,,Hon. Deborah S. Tinsley,Chief Judge,Hon. Dale B. Durrer,
,Hon. Matthew J. Quatrara,,Hon. David M Barredo,,Hon. David B. Franzen,
,Hon. Kenneth Andrew Sneathern,,Hon. Gilbert H. Berger,,Hon. Cheryl V. Higgins,
,,,Hon. Barbara G. Lowe,,Hon. Richard E. Moore,
,,,Hon. Frank W. Somerville,,Hon. Claude V. Worrell Jr.,
Page ,Hon. W. Dale Houff,Presiding Judge,Hon. Rachel E. Figura,Presiding Judge,Hon. Clark Andrew Ritchie,"Presiding Judge, Chief Judge"
,Hon. John Stanley Hart Jr.,Chief Judge,Hon. Hugh David O'Donnell,Chief Judge,Hon. Bruce D. Albertson,Presiding Judge
,Hon. Mary Louise Costello Daniel,,Hon. Kimberly Marion Athey,,Hon. Thomas J. Wilson IV,Presiding Judge
,Hon. Amy B. Tisinger,,Hon. Anthony Wayne Bailey,,Hon. Kevin C. Black,
,,,Hon. Elizabeth Kellas Burton,,Hon. William W. Eldridge IV,
,,,Hon. Daryl L. Funk,,Hon. Alexander R. Iden,
,,,Hon. Chad A. Logan,,Hon. Brian M. Madden,
,,,,,Hon. William W. Sharp,
Patrick ,Hon. Joan Ziglar,Presiding Judge,Hon. Kimberly R. Belongia,Presiding Judge,Hon. Giles Carter Greer,Chief Judge
,Hon. James R. McGarry,Chief Judge,Hon. Susan N. Deatherage,Chief Judge,Hon. Marcus A. Brinks,
,,,,,Hon. David V. Williams,
Petersburg ,Hon. Ray P. Lupold III,"Presiding Judge, Chief Judge",Hon. Phillip T. DiStanislao,"Presiding Judge, Chief Judge",Hon. Paul W. Cella,Chief Judge
,Hon. Kenneth A. Blalock,,Hon. Cheryl J. Wilson,Presiding Judge,Hon. Dennis M. Martin,
,Hon. Thomas Stark IV,,Hon. Theresa J. Royall,,Hon. Joseph M. Teefey Jr.,
Pittsylvania ,Hon. George A. Jones Jr.,"Presiding Judge, Chief Judge",Hon. Brian H. Turpin,Chief Judge,Hon. Stacey W. Moreau,Presiding Judge
,Hon. Robert L Adams Jr.,,Hon. Deanna Perdue Stone,,Hon. James J. Reynolds,Chief Judge
,,,Hon. Dale M. Wiley,,Hon. Timothy W. Allen,
,,,,,Hon. Joseph W. Milam Jr.,
Portsmouth ,Hon. Roxie O. Holder,"Presiding Judge, Chief Judge",Hon. Diane P. Griffin,"Presiding Judge, Chief Judge",Hon. Joel P. Crowe,"Presiding Judge, Chief Judge"
,Hon. Douglas B. Ottinger,Presiding Judge,Hon. Bryan K. Meals,Presiding Judge,Hon. Kenneth R. Melvin,Presiding Judge
,,,Hon. Alotha C. Willis,Presiding Judge,Hon. Johnny E. Morrison,Presiding Judge
,,,,,Hon. Brenda C. Spry,Presiding Judge
Powhatan ,Hon. Thomas Stark IV,Presiding Judge,Hon. Theresa J. Royall,Presiding Judge,Hon. Paul W. Cella,Chief Judge
,Hon. Ray P. Lupold III,Chief Judge,Hon. Phillip T. DiStanislao,Chief Judge,Hon. Dennis M. Martin,
,Hon. Kenneth A. Blalock,,Hon. Cheryl J. Wilson,,Hon. Joseph M. Teefey Jr.,
Prince Edward,Hon. Jody H. Fariss,Presiding Judge,Hon. Marvin H. Dunkum Jr.,"Presiding Judge, Chief Judge",Hon. Donald Carl Blessing,Presiding Judge
,Hon. Calvin S. Spencer Jr.,Chief Judge,Hon. Nora J. Miller,,Hon. Kimberley S. White,Chief Judge
,Hon. Darrel W. Puckett,,Hon. Robert H. Morrison,,Hon. Stephen Anderson Nelson,
,,,,,Hon. James William Watson Jr.,
Prince George,Hon. Bruce A. Clark Jr.,"Presiding Judge, Chief Judge",Hon. Jacqueline R. Waymack,"Presiding Judge, Chief Judge",Hon. William Edward Tomko III,Chief Judge
,Hon. Churchill Ridley Bain,,Hon. Christopher B. Ackerman,,Hon. Carson E. Saunders Jr.,
,Hon. Elbert D. Mumphery,,Hon. Wallace W. Brittle Jr.,,Hon. William Allan Sharrett,
,Hon. Lyndia P. Ramsey,,,,,
,Hon. Harold Lee Townsend III,,,,,
Prince William,Hon. Robert P. Coleman,"Presiding Judge, Chief Judge",Hon. David Scott Bailey,"Presiding Judge, Chief Judge",Hon. Kimberly A. Irving,"Presiding Judge, Chief Judge"
,Hon. Wallace Semeon Covington III,Presiding Judge,Hon. Lisa Michelle Baird,Presiding Judge,Hon. Angela Lemmon Horan,Presiding Judge
,Hon. William E. Jarvis,Presiding Judge,Hon. Helen Jan Roltsch-Anoll,Presiding Judge,Hon. Carroll A. Weimer Jr.,Presiding Judge
,Hon. Che Christopher Rogers,Presiding Judge,Hon. Carlos Javier Flores Laboy,,Hon. James A. Willett,Presiding Judge
,Hon. Turkessa B. Rollins,Presiding Judge,Hon. Jacqueline W. Lucas,,Hon. Tracy Calvin Hudson,
,,,,,Hon. Petula C. Metzler,
Pulaski ,Hon. Gino W. Williams,Chief Judge,Hon. Howard Lee Chitwood,Presiding Judge,hon. Bradley W. Finch,Chief Judge
,Hon. J. D. Bolt,,Hon. Stephanie Murray Shortt,Chief Judge,Hon. Kenneth M. Fleenor Jr.,
,Hon. Erin J. DeHart,,Hon. Monica D. Cox,,Hon. Brett L. Geisler,
,Hon. Randal J. Duncan,,Hon. Bradley G Dalton,,Hon. Hugh Lee Harrell,
,Hon. Gerald Eugene Mabe II,,Hon. Robert C. Viar Jr.,,Hon. Josiah T. Showalter Jr.,
,,,,,Hon. Robert M. D. Turk,
Radford ,Hon. Erin J. DeHart,Presiding Judge,Hon. Stephanie Murray Shortt,"Presiding Judge, Chief Judge",Hon. Josiah T. Showalter Jr.,Presiding Judge
,Hon. Gino W. Williams,Chief Judge,Hon. Howard Lee Chitwood,,Hon. Bradley W. Finch,Chief Judge
,Hon. J. D. Bolt,,Hon. Monica D. Cox,,Hon. Kenneth M. Fleenor Jr.,
,Hon. Randal J. Duncan,,Hon. Bradley G Dalton,,Hon. Brett L. Geisler,
,Hon. Gerald Eugene Mabe II,,Hon. Robert C. Viar Jr.,,Hon. Hugh Lee Harrell,
,,,,,Hon. Robert M. D. Turk,
Rappahannock ,Hon. Jessica H. Foster,Presiding Judge,Hon. Melissa N. Cupp,Presiding Judge,Hon. Douglas L. Fleming Jr.,Chief Judge
,Hon. Deborah C. Welsh,Chief Judge,Hon. Pamela L. Brooks,Chief Judge,Hon. James P. Fisher,
,Hon. Matthew Parke Snow,,Hon. Avelina S. Jacob,,Hon. Jeanette A. Irby,
,Hon. Lorrie Ann Sinclair Taylor,,,,Hon. James E. Plowman Jr.,
,,,,,Hon. Stephen E. Sincavage,
Richmond ,Hon. David M. Hicks,Chief Judge,Hon. Marilynn C. Goss-Thornton,"Presiding Judge, Chief Judge",Hon. William R Marchant,"Presiding Judge, Chief Judge"
,Hon. L. B. Cann III,,Hon. Richard B. Campbell,Presiding Judge,Hon. Bradley B. Cavedo,Presiding Judge
,Hon. Devika E. Davis,,Hon. Brice Edward Lambert,Presiding Judge,Hon. David Eugene Cheek Sr.,Presiding Judge
,Hon. Mansi J. Shah,,Hon. Mary E. Langer,Presiding Judge,Hon. Phillip L. Hairston,Presiding Judge
,Hon. Tracy W. J. Thorne-Begland,,Hon. Ashley K. Tunner,Presiding Judge,Hon. Clarence N. Jenkins Jr.,Presiding Judge
,,,,,Hon. Jacqueline S. McClenney,Presiding Judge
,,,,,Hon. Claire G. Cardwell,
Richmond County,Hon. John S. Martin,"Presiding Judge, Chief Judge",Hon. William L. Lewis,Presiding Judge,Hon. Sarah L. Deneke,Chief Judge
,Hon. David B. Caddell Jr.,,Hon. Georgia K. Sutton,Chief Judge,Hon. William E. Glover,
,Hon. Hugh S. Campbell,,Hon. John E. Franklin,,Hon. John Overton Harris,
,Hon. Richard T. McGrath,,Hon. Shannon O. Hoehl,,Hon. Herbert M. Hewitt,
,Hon. Angela M. O'Connor,,Hon. Julian W. Johnson,,Hon. Patricia Kelly,
,Hon. Robert Eric Reibach,,Hon. Marcel D. Jones,,Hon. Michael E. Levy,
,Hon. Jane M. Reynolds,,Hon. Andrea M. Stewart,,Hon. Roy Michael McKenney,
,,,Hon. Frank G Uvanni,,Hon. Ricardo Rigual,
,,,Hon. Joseph A. Vance IV,,Hon. James Bruce Strickland,
,,,,,Hon. Gordon F. Willis,
,,,,,Hon. Victoria A. B. Willis,
Roanoke City,Hon. Francis W. Burkart III,Presiding Judge,Hon. Hilary D. Griffith,"Presiding Judge, Chief Judge",Hon. David B. Carson,"Presiding Judge, Chief Judge"
,Hon. Scott R. Geddes,Presiding Judge,Hon. Leisa K. Ciaffone,Presiding Judge,Hon. John Christopher Clemens,Presiding Judge
,Hon. Jacqueline F. Ward Talevi,Chief Judge,Hon. Frank W. Rogers III,Presiding Judge,"Hon. Onzlee Ware, Presiding Judge",
,Hon. Thomas W. Roe Jr.,,Hon. Heather P. Ferguson,,Hon. Charles N. Dorsey,
,,,Hon. Melissa W. Friedman,,Hon. James R. Swanson,
Roanoke County,Hon. Jacqueline F. Ward Talevi,"Presiding Judge, Chief Judge",Hon. Leisa K. Ciaffone,Presiding Judge,Hon. Charles N. Dorsey,Presiding Judge
,Hon. Scott R. Geddes,Presiding Judge,Hon. Hilary D. Griffith,Chief Judge,Hon. James R. Swanson,Presiding Judge
,Hon. Francis W. Burkart III,,Hon. Heather P. Ferguson,,Hon. David B. Carson,Chief Judge
,Hon. Thomas W. Roe Jr.,,Hon. Melissa W. Friedman,,Hon. John Christopher Clemens,
,,,Hon. Frank W. Rogers III,,Hon. Onzlee Ware,
Rockbridge ,Hon. William Harrison Cleaveland,Chief Judge,Hon. Correy R. Smith,Chief Judge,Hon. William Chapman Goodwin,Chief Judge
,Hon. Christopher M. Billias,,Hon. Robert C. Hagan Jr.,,Hon. Joel R. Branscom,
,Hon. Robin J. Mayer,,Hon. Linda Schorsch Jones,,Hon. Paul A. Dryer,
,Hon. Rupen R. Shah,,Hon. Susan B. Read,,Hon. Anne M. Reed,
,,,Hon. Paul A. Tucker,,Hon. Christopher B. Russell,
,,,,,Hon. Edward K. Stein,
Russell ,Hon. Henry A. Barringer,Presiding Judge,Hon. Laura F. Robinson,Chief Judge,Hon. Michael Lee Moore,Presiding Judge
,Hon. George Robert Brittain,Chief Judge,Hon. Michael J. Bush,,Hon. Brian K. Patton,Chief Judge
,,,Hon. Martha P. Ketron,,Hon. Jack S. Hurley Jr.,
,,,,,Hon. Patrick R. Johnson,
,,,,,Hon. Richard C. Patterson,
Salem ,Hon. Jacqueline F. Ward Talevix,"Presiding Judge, Chief Judge",Hon. David B. Carson,"Presiding Judge, Chief Judge",Hon. David B. Carson,"Presiding Judge, Chief Judge"
,Hon. Francis W. Burkart III,,Hon. John Christopher Clemens,Presiding Judge,Hon. John Christopher Clemens,Presiding Judge
,Hon. Scott R. Geddes,,Hon. Charles N. Dorsey,,Hon. Charles N. Dorsey,
,Hon. Thomas W. Roe Jr.,,Hon. James R. Swanson,,Hon. James R. Swanson,
,,,Hon. Onzlee Ware,,Hon. Onzlee Ware,
Scott ,Hon. Shawn L Hines,Chief Judge,Hon. Marcus F. McClung,Chief Judge,Hon. John C. Kilgore,"Presiding Judge, Chief Judge"
,Hon. Andrew L. Johnson,,Hon. Kimberly M. Jenkins,,Hon. Ronald Kelley Elkins,
,,,Hon. Elizabeth S. Wills,,Hon. Jeffrey Hamilton,
,,,,,Hon. Tammy S. McElyea,
Shenandoah ,Hon. Amy B. Tisinger,Presiding Judge,Hon. Hugh David O'Donnell,"Presiding Judge, Chief Judge",Hon. Kevin C. Black,Presiding Judge
,Hon. John Stanley Hart Jr.,Chief Judge,Hon. Chad A. Logan,Presiding Judge,Hon. Clark Andrew Ritchie,Chief Judge
,Hon. Mary Louise Costello Daniel,,Hon. Kimberly Marion Athey,,Hon. Bruce D. Albertson,
,Hon. W. Dale Houff,,Hon. Anthony Wayne Bailey,,Hon. William W. Eldridge IV,
,,,Hon. Elizabeth Kellas Burton,,Hon. Alexander R. Iden,
,,,Hon. Rachel E. Figura,,Hon. Brian M. Madden,
,,,Hon. Daryl L. Funk,,Hon. William W. Sharp,
,,,,,Hon. Thomas J. Wilson IV,
Smyth ,Hon. Eric R. Thiessen,Chief Judge,Hon. Joseph B. Lyle,Chief Judge,Hon. Deanis L. Simmons,"Presiding Judge, Chief Judge"
,Hon. Robert L. Hobbs,,Hon. Richard S. Buddington Jr.,,Hon. Sage B. Johnson,
,Hon. Travis B. Lee,,Hon. Florence A. Powell,,Hon. Charles Randall Lowe,
,,,,,Hon. Fredrick A. Rowlett,
Southampton ,Hon. Alfred W. Bates III,Chief Judge,Hon. James E. Wiser,Chief Judge,Hon. Carl Edward Eason Jr.,Chief Judge
,Hon. Nicole A. Belote,,Hon. Stan D. Clark,,Hon. Lawson Wayne Farmer,
,Hon. Helivi L. Holland,,,,Hon. Matthew A. Glassman,
,,,,,Hon. Robert H. Sandwich Jr.,
Spotsylvania ,Hon. Richard T. McGrath,Presiding Judge,Hon. Georgia K. Sutton,"Presiding Judge, Chief Judge",Hon. William E. Glover,Presiding Judge
,"Hon. John S. Martin, Chief Judge",,Hon. John E. Franklin,Presiding Judge,Hon. Ricardo Rigual,Presiding Judge
,Hon. David B. Caddell Jr.,,Hon. Shannon O. Hoehl,,Hon. Sarah L. Deneke,Chief Judge
,Hon. Hugh S. Campbell,,Hon. Julian W. Johnson,,Hon. John Overton Harris,
,Hon. Angela M. O'Connor,,Hon. Marcel D. Jones,,Hon. Herbert M. Hewitt,
,Hon. Robert Eric Reibach,,Hon. William L. Lewis,,Hon. Patricia Kelly,
,Hon. Jane M. Reynolds,,Hon. Andrea M. Stewart,,Hon. Michael E. Levy,
,,,Hon. Frank G Uvanni,,Hon. Roy Michael McKenney,
,,,Hon. Joseph A. Vance IV,,Hon. James Bruce Strickland,
,,,,,Hon. Gordon F. Willis,
,,,,,Hon. Victoria A. B. Willis,
Stafford ,Hon. Angela M. O'Connor,Presiding Judge,Hon. Julian W. Johnson,Presiding Judge,Hon. Michael E. Levy,Presiding Judge
,Hon. John S. Martin,Chief Judge,Hon. Marcel D. Jones,Presiding Judge,Hon. James Bruce Strickland,Presiding Judge
,Hon. David B. Caddell Jr.,,Hon. Andrea M. Stewart,Presiding Judge,Hon. Victoria A. B. Willis,Presiding Judge
,Hon. Hugh S. Campbell,,Hon. Georgia K. Sutton,Chief Judge,Hon. Sarah L. Deneke,Chief Judge
,Hon. Richard T. McGrath,,Hon. John E. Franklin,,Hon. William E. Glover,
,Hon. Robert Eric Reibach,,Hon. Shannon O. Hoehl,,Hon. John Overton Harris,
,Hon. Jane M. Reynolds,,Hon. William L. Lewis,,Hon. Herbert M. Hewitt,
,,,Hon. Frank G Uvanni,,Hon. Patricia Kelly,
,,,Hon. Joseph A. Vance IV,,Hon. Roy Michael McKenney,
,,,,,Hon. Ricardo Rigual,
,,,,,Hon. Gordon F. Willis,
Staunton ,Hon. William Harrison Cleaveland,Chief Judge,Hon. Correy R. Smith,Chief Judge,Hon. Anne M. Reed,Presiding Judge
,Hon. Christopher M. Billias,,Hon. Robert C. Hagan Jr.,,Hon. William Chapman Goodwin,Chief Judge
,Hon. Robin J. Mayer,,Hon. Linda Schorsch Jones,,Hon. Joel R. Branscom,
,Hon. Rupen R. Shah,,Hon. Susan B. Read,,Hon. Paul A. Dryer,
,,,Hon. Paul A. Tucker,,Hon. Christopher B. Russell,
,,,,,Hon. Edward K. Stein,
Suffolk ,Hon. Alfred W. Bates III,"Presiding Judge, Chief Judge",Hon. James E. Wiser,Chief Judge,Hon. Carl Edward Eason Jr.,"Presiding Judge, Chief Judge"
,Hon. Nicole A. Belote,,Hon. Stan D. Clark,,Hon. Lawson Wayne Farmer,
,Hon. Helivi L. Holland,,,,Hon. Matthew A. Glassman,
,,,,,Hon. Robert H. Sandwich Jr.,
Surry ,Hon. Bruce A. Clark Jr.,"Presiding Judge, Chief Judge",Hon. Jacqueline R. Waymack,"Presiding Judge, Chief Judge",Hon. William Allan Sharrett,Presiding Judge
,Hon. Elbert D. Mumphery,Presiding Judge,Hon. Christopher B. Ackerman,Presiding Judge,Hon. William Edward Tomko III,Chief Judge
,Hon. Churchill Ridley Bain,,Hon. Wallace W. Brittle Jr.,Presiding Judge,Hon. Carson E. Saunders Jr.,
,Hon. Lyndia P. Ramsey,,,,,
,Hon. Harold Lee Townsend III,,,,,
Sussex ,Hon. Bruce A. Clark Jr.,"Presiding Judge, Chief Judge",Hon. Christopher B. Ackerman,Presiding Judge,Hon. William Allan Sharrett,Presiding Judge
,Hon. Churchill Ridley Bain,Presiding Judge,Hon. Wallace W. Brittle Jr.,Presiding Judge,Hon. William Edward Tomko III,Chief Judge
,Hon. Elbert D. Mumphery,,Hon. Jacqueline R. Waymack,Chief Judge,Hon. Carson E. Saunders Jr.,
,Hon. Lyndia P. Ramsey,,,,,
,Hon. Harold Lee Townsend III,,,,,
Tazewell ,Hon. George Robert Brittain,Chief Judge,Hon. Laura F. Robinson,Chief Judge,Hon. Brian K. Patton,Chief Judge
,Hon. Henry A. Barringer,,Hon. Michael J. Bush,,Hon. Jack S. Hurley Jr.,
,,,Hon. Martha P. Ketron,,Hon. Patrick R. Johnson,
,,,,,Hon. Michael Lee Moore,
,,,,,Hon. Richard C. Patterson,
Virginia ,Hon. Daniel Roger Lahne,"Presiding Judge, Chief Judge",Hon. Philip C Hollowell,"Presiding Judge, Chief Judge",Hon. Leslie L. Lilley,"Presiding Judge, Chief Judge"
,Hon. Afshin Farashahi,Presiding Judge,Hon. Adrianne L. Bennett,,Hon. Steven C. Frucci,Presiding Judge
,Hon. Elizabeth S. Foster,Presiding Judge,Hon. Deborah V. Bryan,Presiding Judge,Hon. James Clayton Lewis,Presiding Judge
,Hon. Vivian F. Henderson,Presiding Judge,Hon. Tanya Bullock,Presiding Judge,Hon. Stephen C. Mahan,Presiding Judge
,Hon. Salvatore R. Iaquinto,Presiding Judge,Hon. Cheshire I'Anson Eveleigh,Presiding Judge,Hon. Anne Bonwill Shockley,Presiding Judge
,Hon. Sandra S. Menago,Presiding Judge,Hon. Timothy J. Quick,Presiding Judge,Hon. Kevin M. Duffan,
,Hon. Paul David Merullo,Presiding Judge,,,Hon. William Revell Lewis III,
Warren ,Hon. W. Dale Houff,Presiding Judge,Hon. Daryl L. Funk,Presiding Judge,Hon. William W. Sharp,Presiding Judge
,Hon. John Stanley Hart Jr.,Chief Judge,Hon. Hugh David O'Donnell,Chief Judge,Hon. Clark Andrew Ritchie,Chief Judge
,Hon. Mary Louise Costello Daniel,,Hon. Kimberly Marion Athey,,Hon. Bruce D. Albertson,
,Hon. Amy B. Tisinger,,Hon. Anthony Wayne Bailey,,Hon. Kevin C. Black,
,,,Hon. Elizabeth Kellas Burton,,Hon. William W. Eldridge IV,
,,,Hon. Rachel E. Figura,,Hon. Alexander R. Iden,
,,,Hon. Chad A. Logan,,Hon. Brian M. Madden,
,,,,,Hon. Thomas J. Wilson IV,
Washington ,Hon. Travis B. Lee,Presiding Judge,Hon. Florence A. Powell,Presiding Judge,Hon. Charles Randall Lowe,Presiding Judge
,Hon. Eric R. Thiessen,Chief Judge,Hon. Joseph B. Lyle,Chief Judge,Hon. Deanis L. Simmons,Chief Judge
,Hon. Robert L. Hobbs,,Hon. Richard S. Buddington Jr.,,Hon. Sage B. Johnson,
,,,,,Hon. Fredrick A. Rowlett,
Waynesboro ,Hon. William Harrison Cleaveland,Chief Judge,Hon. Correy R. Smith,"Presiding Judge, Chief Judge",Hon. Paul A. Dryer,Presiding Judge
,Hon. Christopher M. Billias,,Hon. Robert C. Hagan Jr.,,Hon. William Chapman Goodwin,Chief Judge
,Hon. Robin J. Mayer,,Hon. Linda Schorsch Jones,,Hon. Joel R. Branscom,
,Hon. Rupen R. Shah,,Hon. Susan B. Read,,Hon. Anne M. Reed,
,,,Hon. Paul A. Tucker,,Hon. Christopher B. Russell,
,,,,,Hon. Edward K. Stein,
Westmoreland ,Hon. John S. Martin,"Presiding Judge, Chief Judge",Hon. William L. Lewis,Presiding Judge,Hon. Herbert M. Hewitt,Presiding Judge
,Hon. David B. Caddell Jr.,,Hon. Georgia K. Sutton,Chief Judge,Hon. Sarah L. Deneke,Chief Judge
,Hon. Hugh S. Campbell,,Hon. John E. Franklin,,Hon. William E. Glover,
,Hon. Richard T. McGrath,,Hon. Shannon O. Hoehl,,Hon. John Overton Harris,
,Hon. Angela M. O'Connor,,Hon. Julian W. Johnson,,Hon. Patricia Kelly,
,Hon. Robert Eric Reibach,,Hon. Marcel D. Jones,,Hon. Michael E. Levy,
,Hon. Jane M. Reynolds,,Hon. Andrea M. Stewart,,Hon. Roy Michael McKenney,
,,,Hon. Frank G Uvanni,,Hon. Ricardo Rigual,
,,,Hon. Joseph A. Vance IV,,Hon. James Bruce Strickland,
,,,,,Hon. Gordon F. Willis,
,,,,,Hon. Victoria A. B. Willis,
Williamsburg/James City County,Hon. Colleen K. Killilea,Presiding Judge,Hon. Cressondra B. Conyers,Chief Judge,Hon. Richard H. Rizk,Chief Judge
,Hon. Stephen Ashton Hudgins,Chief Judge,Hon. Wade A. Bowie,,Hon. Benjamin Elliott Bondurant,
,Hon. Stephanie E. Merritt,,Hon. Mara M. Matthews,,Hon. Jeffrey W. Shaw,
,,,Hon. Brian J. Smalls,,Hon. Holly B. Smith,
Winchester ,Hon. John Stanley Hart Jr.,Chief Judge,Hon. Kimberly Marion Athey,Presiding Judge,Hon. William W. Eldridge IV,Presiding Judge
,Hon. Mary Louise Costello Daniel,,Hon. Elizabeth Kellas Burton,Presiding Judge,Hon. Alexander R. Iden,Presiding Judge
,Hon. W. Dale Houff,,Hon. Hugh David O'Donnell,Chief Judge,Hon. Brian M. Madden,Presiding Judge
,Hon. Amy B. Tisinger,,Hon. Anthony Wayne Bailey,,Hon. Clark Andrew Ritchie,Chief Judge
,,,Hon. Rachel E. Figura,,Hon. Bruce D. Albertson,
,,,Hon. Daryl L. Funk,,Hon. Kevin C. Black,
,,,Hon. Chad A. Logan,,Hon. William W. Sharp,
,,,,,Hon. Thomas J. Wilson IV,
Wise ,Hon. Shawn L Hines,Chief Judge,Hon. Elizabeth S. Wills,Presiding Judge,Hon. John C. Kilgore,Chief Judge
,Hon. Andrew L. Johnson,,Hon. Marcus F. McClung,Chief Judge,Hon. Ronald Kelley Elkins,
,,,Hon. Kimberly M. Jenkins,,Hon. Jeffrey Hamilton,
,,,,,Hon. Tammy S. McElyea,
Wythe ,Hon. J. D. Bolt,Presiding Judge,Hon. Bradley G Dalton,Presiding Judge,Hon. Josiah T. Showalter Jr.,Presiding Judge
,Hon. Gino W. Williams,Chief Judge,Hon. Stephanie Murray Shortt,Chief Judge,Hon. Bradley W. Finch,Chief Judge
,Hon. Erin J. DeHart,,Hon. Howard Lee Chitwood,,Hon. Kenneth M. Fleenor Jr.,
,Hon. Randal J. Duncan,,Hon. Monica D. Cox,,Hon. Brett L. Geisler,
,Hon. Gerald Eugene Mabe II,,Hon. Robert C. Viar Jr.,,Hon. Hugh Lee Harrell,
,,,,,Hon. Robert M. D. Turk,
York County Poquoson,Hon. Stephen Ashton Hudgins,Chief Judge,Hon. Cressondra B. Conyers,Chief Judge,Hon. Richard H. Rizk,"Presiding Judge, Chief Judge"
,Hon. Colleen K. Killilea,,Hon. Wade A. Bowie,,Hon. Benjamin Elliott Bondurant,
,Hon. Stephanie E. Merritt,,Hon. Mara M. Matthews,,Hon. Jeffrey W. Shaw,
,,,Hon. Brian J. Smalls,,Hon. Holly B. Smith,